town,flat_type,floor_area_sqm,flat_model,price
ANG MO KIO,3 ROOM,68,New Generation,290739
ANG MO KIO,3 ROOM,75,New Generation,343897
ANG MO KIO,3 ROOM,67,New Generation,321069
ANG MO KIO,5 ROOM,118,Improved,652546
ANG MO KIO,3 ROOM,68,New Generation,331953
ANG MO KIO,3 ROOM,67,New Generation,264066
ANG MO KIO,2 ROOM,44,Improved,104136
ANG MO KIO,3 ROOM,89,New Generation,458967
ANG MO KIO,3 ROOM,68,New Generation,341902
ANG MO KIO,4 ROOM,92,New Generation,485563
ANG MO KIO,3 ROOM,68,New Generation,299557
ANG MO KIO,3 ROOM,75,New Generation,314266
ANG MO KIO,4 ROOM,91,Model A,463029
ANG MO KIO,4 ROOM,93,New Generation,515522
ANG MO KIO,4 ROOM,91,New Generation,444612
ANG MO KIO,3 ROOM,68,New Generation,330718
ANG MO KIO,3 ROOM,67,New Generation,319699
ANG MO KIO,3 ROOM,75,New Generation,454676
ANG MO KIO,4 ROOM,94,Model A,473867
ANG MO KIO,5 ROOM,120,Improved,631702
ANG MO KIO,3 ROOM,82,New Generation,392131
ANG MO KIO,4 ROOM,92,New Generation,456918
ANG MO KIO,3 ROOM,82,New Generation,430319
ANG MO KIO,3 ROOM,68,New Generation,283532
ANG MO KIO,3 ROOM,68,New Generation,301942
ANG MO KIO,3 ROOM,82,New Generation,399710
ANG MO KIO,3 ROOM,68,New Generation,350931
ANG MO KIO,3 ROOM,74,New Generation,317990
ANG MO KIO,3 ROOM,68,New Generation,375897
ANG MO KIO,3 ROOM,60,Improved,265587
ANG MO KIO,5 ROOM,135,Model A,723951
ANG MO KIO,3 ROOM,67,New Generation,321326
ANG MO KIO,5 ROOM,110,Improved,573358
ANG MO KIO,5 ROOM,110,Improved,640536
ANG MO KIO,3 ROOM,68,New Generation,372561
ANG MO KIO,3 ROOM,67,New Generation,305010
ANG MO KIO,3 ROOM,82,New Generation,409284
ANG MO KIO,3 ROOM,73,New Generation,333359
ANG MO KIO,5 ROOM,119,Improved,628448
ANG MO KIO,4 ROOM,97,Model A,487565
ANG MO KIO,4 ROOM,98,New Generation,481370
ANG MO KIO,3 ROOM,73,New Generation,367384
ANG MO KIO,3 ROOM,67,New Generation,342150
ANG MO KIO,4 ROOM,95,Model A,523781
ANG MO KIO,3 ROOM,67,New Generation,344153
ANG MO KIO,5 ROOM,121,Improved,653737
ANG MO KIO,3 ROOM,67,New Generation,311130
ANG MO KIO,3 ROOM,74,New Generation,344082
ANG MO KIO,3 ROOM,74,New Generation,351026
ANG MO KIO,3 ROOM,67,New Generation,303127
ANG MO KIO,4 ROOM,91,New Generation,464446
ANG MO KIO,3 ROOM,67,New Generation,321494
ANG MO KIO,3 ROOM,68,New Generation,325300
ANG MO KIO,4 ROOM,92,New Generation,458732
ANG MO KIO,3 ROOM,68,New Generation,313347
ANG MO KIO,3 ROOM,73,New Generation,342813
ANG MO KIO,3 ROOM,68,New Generation,294730
ANG MO KIO,4 ROOM,95,Model A,514167
ANG MO KIO,4 ROOM,91,New Generation,418914
ANG MO KIO,3 ROOM,73,New Generation,332302
ANG MO KIO,4 ROOM,88,Model A,458293
ANG MO KIO,5 ROOM,123,Standard,688825
ANG MO KIO,3 ROOM,67,New Generation,318999
ANG MO KIO,4 ROOM,98,New Generation,483597
ANG MO KIO,3 ROOM,60,Improved,270874
ANG MO KIO,3 ROOM,67,New Generation,299699
ANG MO KIO,3 ROOM,67,New Generation,407277
ANG MO KIO,3 ROOM,68,New Generation,363732
ANG MO KIO,3 ROOM,75,New Generation,372430
ANG MO KIO,4 ROOM,95,Model A,471650
ANG MO KIO,3 ROOM,67,New Generation,302240
ANG MO KIO,3 ROOM,68,New Generation,300599
ANG MO KIO,5 ROOM,120,Improved,659071
ANG MO KIO,3 ROOM,82,New Generation,423854
ANG MO KIO,4 ROOM,95,Model A,484510
ANG MO KIO,3 ROOM,67,New Generation,328827
ANG MO KIO,3 ROOM,67,New Generation,291166
ANG MO KIO,3 ROOM,67,New Generation,286518
ANG MO KIO,5 ROOM,119,Improved,601811
ANG MO KIO,3 ROOM,67,New Generation,364973
ANG MO KIO,3 ROOM,73,New Generation,328195
ANG MO KIO,3 ROOM,67,New Generation,296462
ANG MO KIO,3 ROOM,68,New Generation,220403
ANG MO KIO,4 ROOM,91,New Generation,481685
ANG MO KIO,3 ROOM,67,New Generation,299344
ANG MO KIO,4 ROOM,92,New Generation,361134
ANG MO KIO,3 ROOM,81,New Generation,387456
ANG MO KIO,4 ROOM,92,New Generation,488000
ANG MO KIO,3 ROOM,67,New Generation,272024
ANG MO KIO,3 ROOM,67,New Generation,346629
ANG MO KIO,3 ROOM,67,New Generation,333770
ANG MO KIO,3 ROOM,82,New Generation,392348
ANG MO KIO,3 ROOM,68,New Generation,306530
ANG MO KIO,3 ROOM,68,New Generation,213349
ANG MO KIO,3 ROOM,67,New Generation,335933
ANG MO KIO,3 ROOM,68,New Generation,311533
ANG MO KIO,3 ROOM,74,New Generation,309144
ANG MO KIO,2 ROOM,44,Improved,191599
ANG MO KIO,4 ROOM,92,New Generation,480321
ANG MO KIO,3 ROOM,67,New Generation,335878
ANG MO KIO,3 ROOM,68,New Generation,273058
ANG MO KIO,3 ROOM,89,New Generation,359912
ANG MO KIO,3 ROOM,68,New Generation,310872
ANG MO KIO,3 ROOM,67,New Generation,315215
ANG MO KIO,3 ROOM,68,New Generation,364085
ANG MO KIO,5 ROOM,111,Improved,598474
ANG MO KIO,3 ROOM,67,New Generation,320724
ANG MO KIO,3 ROOM,68,New Generation,321344
ANG MO KIO,5 ROOM,121,Improved,658442
ANG MO KIO,3 ROOM,73,New Generation,331394
ANG MO KIO,3 ROOM,67,New Generation,291034
ANG MO KIO,3 ROOM,67,New Generation,316350
ANG MO KIO,5 ROOM,118,Improved,616730
ANG MO KIO,3 ROOM,75,New Generation,350938
ANG MO KIO,3 ROOM,69,New Generation,344954
ANG MO KIO,3 ROOM,68,New Generation,307480
ANG MO KIO,3 ROOM,67,New Generation,279113
ANG MO KIO,4 ROOM,92,New Generation,490638
ANG MO KIO,3 ROOM,68,New Generation,334666
ANG MO KIO,4 ROOM,92,New Generation,569122
ANG MO KIO,2 ROOM,44,Improved,190091
ANG MO KIO,3 ROOM,68,New Generation,321640
ANG MO KIO,3 ROOM,75,New Generation,435151
ANG MO KIO,3 ROOM,67,New Generation,270082
ANG MO KIO,4 ROOM,91,New Generation,485910
ANG MO KIO,4 ROOM,95,Model A,506133
ANG MO KIO,3 ROOM,70,Model A,311876
ANG MO KIO,3 ROOM,73,New Generation,354839
ANG MO KIO,3 ROOM,68,New Generation,341551
ANG MO KIO,5 ROOM,134,Model A,616369
ANG MO KIO,3 ROOM,68,New Generation,315893
ANG MO KIO,3 ROOM,67,New Generation,302074
ANG MO KIO,3 ROOM,74,New Generation,236065
ANG MO KIO,3 ROOM,67,New Generation,231270
ANG MO KIO,3 ROOM,68,New Generation,299280
ANG MO KIO,4 ROOM,93,New Generation,485922
ANG MO KIO,4 ROOM,92,New Generation,489976
ANG MO KIO,3 ROOM,68,New Generation,294772
ANG MO KIO,4 ROOM,92,New Generation,454135
ANG MO KIO,3 ROOM,73,New Generation,350558
ANG MO KIO,4 ROOM,91,New Generation,511372
ANG MO KIO,5 ROOM,110,Improved,610022
ANG MO KIO,3 ROOM,89,New Generation,445566
ANG MO KIO,3 ROOM,81,New Generation,386960
ANG MO KIO,3 ROOM,67,New Generation,287902
ANG MO KIO,4 ROOM,91,New Generation,475182
ANG MO KIO,4 ROOM,93,New Generation,416392
ANG MO KIO,5 ROOM,111,Improved,566940
ANG MO KIO,5 ROOM,120,Improved,640588
ANG MO KIO,3 ROOM,74,New Generation,333334
ANG MO KIO,4 ROOM,91,New Generation,442823
ANG MO KIO,3 ROOM,67,New Generation,355035
ANG MO KIO,3 ROOM,68,New Generation,302436
ANG MO KIO,5 ROOM,146,Adjoined flat,815201
ANG MO KIO,5 ROOM,121,Improved,675661
ANG MO KIO,4 ROOM,92,New Generation,498196
ANG MO KIO,3 ROOM,68,New Generation,334528
ANG MO KIO,3 ROOM,68,New Generation,308330
ANG MO KIO,4 ROOM,107,Model A,546546
ANG MO KIO,3 ROOM,68,New Generation,313159
ANG MO KIO,3 ROOM,70,Model A,277415
ANG MO KIO,5 ROOM,121,Improved,659163
ANG MO KIO,5 ROOM,121,Improved,675958
ANG MO KIO,3 ROOM,68,New Generation,315680
ANG MO KIO,4 ROOM,92,New Generation,491224
ANG MO KIO,4 ROOM,95,Model A,471759
ANG MO KIO,5 ROOM,128,Improved,682779
ANG MO KIO,3 ROOM,67,New Generation,301748
ANG MO KIO,3 ROOM,68,New Generation,331949
ANG MO KIO,3 ROOM,67,New Generation,330147
ANG MO KIO,3 ROOM,82,New Generation,390321
ANG MO KIO,3 ROOM,75,New Generation,343819
ANG MO KIO,3 ROOM,67,New Generation,334884
ANG MO KIO,3 ROOM,74,New Generation,331324
ANG MO KIO,3 ROOM,67,New Generation,308448
ANG MO KIO,3 ROOM,81,New Generation,392078
ANG MO KIO,3 ROOM,68,New Generation,323502
ANG MO KIO,3 ROOM,75,New Generation,383785
ANG MO KIO,3 ROOM,82,New Generation,409461
ANG MO KIO,4 ROOM,98,New Generation,496224
ANG MO KIO,4 ROOM,91,New Generation,450666
ANG MO KIO,3 ROOM,67,New Generation,326415
ANG MO KIO,3 ROOM,67,New Generation,315503
ANG MO KIO,5 ROOM,111,Improved,663317
ANG MO KIO,5 ROOM,123,Improved,646321
ANG MO KIO,3 ROOM,82,New Generation,410736
ANG MO KIO,3 ROOM,82,New Generation,390607
ANG MO KIO,4 ROOM,91,New Generation,446872
ANG MO KIO,4 ROOM,91,New Generation,459134
ANG MO KIO,5 ROOM,119,Improved,650119
ANG MO KIO,5 ROOM,121,Improved,705215
ANG MO KIO,3 ROOM,67,New Generation,257202
ANG MO KIO,3 ROOM,73,New Generation,349370
ANG MO KIO,4 ROOM,96,Model A,493268
ANG MO KIO,4 ROOM,91,New Generation,471265
ANG MO KIO,5 ROOM,111,Improved,565034
ANG MO KIO,4 ROOM,97,New Generation,480489
ANG MO KIO,4 ROOM,81,New Generation,362940
ANG MO KIO,4 ROOM,92,New Generation,509465
ANG MO KIO,4 ROOM,98,New Generation,466819
ANG MO KIO,5 ROOM,119,Improved,616142
ANG MO KIO,3 ROOM,73,New Generation,376477
ANG MO KIO,3 ROOM,67,New Generation,313635
ANG MO KIO,3 ROOM,73,New Generation,364664
ANG MO KIO,4 ROOM,85,Model A,407939
ANG MO KIO,3 ROOM,68,New Generation,338967
ANG MO KIO,3 ROOM,75,New Generation,377453
ANG MO KIO,3 ROOM,67,New Generation,324822
ANG MO KIO,2 ROOM,44,Improved,189875
ANG MO KIO,4 ROOM,91,New Generation,443053
ANG MO KIO,3 ROOM,73,New Generation,336817
ANG MO KIO,3 ROOM,73,New Generation,316235
ANG MO KIO,5 ROOM,117,DBSS,644022
ANG MO KIO,4 ROOM,92,New Generation,448855
ANG MO KIO,3 ROOM,74,New Generation,365206
ANG MO KIO,4 ROOM,91,New Generation,491321
ANG MO KIO,3 ROOM,67,New Generation,429980
ANG MO KIO,3 ROOM,70,Model A,309108
ANG MO KIO,3 ROOM,68,New Generation,312259
ANG MO KIO,3 ROOM,67,New Generation,280714
ANG MO KIO,3 ROOM,82,New Generation,387687
ANG MO KIO,3 ROOM,68,New Generation,310331
ANG MO KIO,4 ROOM,92,New Generation,479780
ANG MO KIO,3 ROOM,67,New Generation,333003
ANG MO KIO,3 ROOM,67,New Generation,289964
ANG MO KIO,3 ROOM,67,New Generation,353656
ANG MO KIO,3 ROOM,67,New Generation,310413
ANG MO KIO,3 ROOM,73,New Generation,350215
ANG MO KIO,4 ROOM,91,New Generation,446987
ANG MO KIO,3 ROOM,89,New Generation,434383
ANG MO KIO,3 ROOM,67,New Generation,332002
ANG MO KIO,4 ROOM,95,Model A,452850
ANG MO KIO,3 ROOM,68,New Generation,312228
ANG MO KIO,3 ROOM,82,New Generation,414607
ANG MO KIO,3 ROOM,67,New Generation,300553
ANG MO KIO,3 ROOM,73,New Generation,348496
ANG MO KIO,3 ROOM,68,New Generation,309952
ANG MO KIO,3 ROOM,68,New Generation,294029
ANG MO KIO,4 ROOM,92,New Generation,465500
ANG MO KIO,3 ROOM,82,New Generation,413438
ANG MO KIO,3 ROOM,67,New Generation,303523
ANG MO KIO,5 ROOM,110,Improved,577568
ANG MO KIO,3 ROOM,73,New Generation,279382
ANG MO KIO,4 ROOM,91,New Generation,446919
ANG MO KIO,5 ROOM,120,Improved,659534
ANG MO KIO,3 ROOM,67,New Generation,321921
ANG MO KIO,4 ROOM,97,New Generation,464001
ANG MO KIO,4 ROOM,98,New Generation,525892
ANG MO KIO,4 ROOM,93,New Generation,490921
ANG MO KIO,3 ROOM,68,New Generation,284668
ANG MO KIO,4 ROOM,93,New Generation,513726
ANG MO KIO,3 ROOM,68,New Generation,336995
ANG MO KIO,3 ROOM,68,New Generation,300378
ANG MO KIO,3 ROOM,68,New Generation,238478
ANG MO KIO,3 ROOM,67,New Generation,330698
ANG MO KIO,4 ROOM,98,New Generation,485236
ANG MO KIO,3 ROOM,68,New Generation,314259
ANG MO KIO,3 ROOM,66,Improved,310042
ANG MO KIO,3 ROOM,68,New Generation,340449
ANG MO KIO,4 ROOM,91,New Generation,429983
ANG MO KIO,4 ROOM,91,New Generation,460773
ANG MO KIO,5 ROOM,119,Improved,601873
ANG MO KIO,3 ROOM,67,New Generation,332412
ANG MO KIO,4 ROOM,95,Model A,478940
ANG MO KIO,3 ROOM,68,New Generation,335304
ANG MO KIO,3 ROOM,73,New Generation,391727
ANG MO KIO,3 ROOM,82,New Generation,513747
ANG MO KIO,4 ROOM,92,New Generation,433569
ANG MO KIO,3 ROOM,68,New Generation,342987
ANG MO KIO,3 ROOM,67,New Generation,317143
ANG MO KIO,5 ROOM,110,Improved,583473
ANG MO KIO,4 ROOM,91,New Generation,458321
ANG MO KIO,3 ROOM,67,New Generation,320709
ANG MO KIO,3 ROOM,68,New Generation,336535
ANG MO KIO,3 ROOM,67,New Generation,307925
ANG MO KIO,3 ROOM,88,New Generation,448135
ANG MO KIO,4 ROOM,98,New Generation,492775
ANG MO KIO,3 ROOM,67,New Generation,318699
ANG MO KIO,3 ROOM,68,New Generation,305264
ANG MO KIO,3 ROOM,73,New Generation,311060
ANG MO KIO,3 ROOM,68,New Generation,272609
ANG MO KIO,2 ROOM,44,Improved,155254
ANG MO KIO,4 ROOM,90,Model A,455098
ANG MO KIO,3 ROOM,74,New Generation,379169
ANG MO KIO,3 ROOM,67,New Generation,334841
ANG MO KIO,4 ROOM,95,Model A,498516
ANG MO KIO,3 ROOM,67,New Generation,262058
ANG MO KIO,5 ROOM,121,Improved,657238
ANG MO KIO,3 ROOM,82,New Generation,394689
ANG MO KIO,3 ROOM,67,New Generation,265860
ANG MO KIO,3 ROOM,68,New Generation,222441
ANG MO KIO,5 ROOM,110,Improved,568269
ANG MO KIO,3 ROOM,82,New Generation,392554
ANG MO KIO,4 ROOM,92,New Generation,450389
ANG MO KIO,3 ROOM,68,New Generation,332054
ANG MO KIO,3 ROOM,67,New Generation,319378
ANG MO KIO,3 ROOM,67,New Generation,313892
ANG MO KIO,3 ROOM,73,New Generation,332553
ANG MO KIO,3 ROOM,67,New Generation,328073
ANG MO KIO,3 ROOM,73,New Generation,295872
ANG MO KIO,4 ROOM,91,Model A,456540
ANG MO KIO,3 ROOM,67,New Generation,287755
ANG MO KIO,3 ROOM,74,New Generation,368839
ANG MO KIO,3 ROOM,67,New Generation,302667
ANG MO KIO,3 ROOM,73,New Generation,338320
ANG MO KIO,3 ROOM,67,New Generation,293324
ANG MO KIO,4 ROOM,93,New Generation,466693
ANG MO KIO,3 ROOM,68,New Generation,316636
ANG MO KIO,3 ROOM,67,New Generation,385471
ANG MO KIO,3 ROOM,67,New Generation,268635
ANG MO KIO,2 ROOM,44,Improved,153049
ANG MO KIO,4 ROOM,92,New Generation,463422
ANG MO KIO,4 ROOM,91,New Generation,451864
ANG MO KIO,4 ROOM,98,New Generation,489069
ANG MO KIO,3 ROOM,82,New Generation,403690
ANG MO KIO,3 ROOM,73,New Generation,335216
ANG MO KIO,3 ROOM,67,New Generation,328662
ANG MO KIO,3 ROOM,67,New Generation,352463
ANG MO KIO,3 ROOM,68,New Generation,342676
ANG MO KIO,5 ROOM,127,Improved,641652
ANG MO KIO,3 ROOM,68,New Generation,307235
ANG MO KIO,3 ROOM,73,New Generation,361803
ANG MO KIO,3 ROOM,67,New Generation,266621
ANG MO KIO,3 ROOM,67,New Generation,324829
ANG MO KIO,3 ROOM,67,New Generation,318459
ANG MO KIO,3 ROOM,82,New Generation,390199
ANG MO KIO,3 ROOM,73,New Generation,354380
ANG MO KIO,3 ROOM,73,New Generation,341253
ANG MO KIO,3 ROOM,67,New Generation,304743
ANG MO KIO,3 ROOM,82,New Generation,389267
ANG MO KIO,5 ROOM,110,Improved,562115
ANG MO KIO,3 ROOM,68,New Generation,327549
ANG MO KIO,4 ROOM,91,New Generation,450866
ANG MO KIO,3 ROOM,67,New Generation,213462
ANG MO KIO,3 ROOM,68,New Generation,341695
ANG MO KIO,3 ROOM,68,New Generation,287775
ANG MO KIO,4 ROOM,91,New Generation,444382
ANG MO KIO,3 ROOM,73,New Generation,368671
ANG MO KIO,3 ROOM,67,New Generation,297002
ANG MO KIO,4 ROOM,95,Model A,483478
ANG MO KIO,3 ROOM,68,New Generation,341569
ANG MO KIO,4 ROOM,94,Model A,501514
ANG MO KIO,3 ROOM,82,New Generation,396650
ANG MO KIO,4 ROOM,92,New Generation,486097
ANG MO KIO,3 ROOM,67,New Generation,297642
ANG MO KIO,4 ROOM,92,New Generation,491477
ANG MO KIO,3 ROOM,68,New Generation,294997
ANG MO KIO,3 ROOM,89,New Generation,455564
ANG MO KIO,3 ROOM,88,New Generation,422572
ANG MO KIO,4 ROOM,92,New Generation,550721
ANG MO KIO,5 ROOM,119,Improved,652098
ANG MO KIO,4 ROOM,98,New Generation,517962
ANG MO KIO,3 ROOM,73,New Generation,377340
ANG MO KIO,3 ROOM,67,New Generation,309679
ANG MO KIO,3 ROOM,67,New Generation,317426
ANG MO KIO,4 ROOM,91,New Generation,484461
ANG MO KIO,3 ROOM,67,New Generation,289067
ANG MO KIO,5 ROOM,118,Improved,614638
ANG MO KIO,3 ROOM,67,New Generation,192793
ANG MO KIO,3 ROOM,67,New Generation,292821
ANG MO KIO,3 ROOM,73,New Generation,380189
ANG MO KIO,3 ROOM,68,New Generation,317848
ANG MO KIO,3 ROOM,68,New Generation,300068
ANG MO KIO,4 ROOM,106,Model A,561289
ANG MO KIO,3 ROOM,67,New Generation,268595
ANG MO KIO,4 ROOM,98,New Generation,529122
ANG MO KIO,4 ROOM,98,New Generation,469779
ANG MO KIO,4 ROOM,92,New Generation,484310
ANG MO KIO,4 ROOM,92,New Generation,451958
ANG MO KIO,2 ROOM,44,Improved,152937
ANG MO KIO,3 ROOM,67,New Generation,302029
ANG MO KIO,3 ROOM,68,New Generation,313990
ANG MO KIO,3 ROOM,67,New Generation,261600
ANG MO KIO,4 ROOM,93,New Generation,495918
ANG MO KIO,3 ROOM,73,New Generation,275373
ANG MO KIO,3 ROOM,67,New Generation,360688
ANG MO KIO,4 ROOM,92,New Generation,453182
ANG MO KIO,3 ROOM,67,New Generation,327886
ANG MO KIO,5 ROOM,119,Improved,637828
ANG MO KIO,4 ROOM,91,New Generation,474667
ANG MO KIO,3 ROOM,67,New Generation,332674
ANG MO KIO,4 ROOM,92,New Generation,479998
ANG MO KIO,5 ROOM,120,Improved,669738
ANG MO KIO,4 ROOM,92,New Generation,509145
ANG MO KIO,3 ROOM,67,New Generation,282555
ANG MO KIO,3 ROOM,70,Model A,335977
ANG MO KIO,5 ROOM,118,Improved,607118
ANG MO KIO,3 ROOM,73,New Generation,355443
ANG MO KIO,3 ROOM,81,New Generation,407321
ANG MO KIO,4 ROOM,99,New Generation,526815
ANG MO KIO,4 ROOM,97,New Generation,510197
ANG MO KIO,4 ROOM,91,New Generation,546663
ANG MO KIO,3 ROOM,67,New Generation,330763
ANG MO KIO,4 ROOM,91,New Generation,467258
ANG MO KIO,3 ROOM,67,New Generation,320112
ANG MO KIO,3 ROOM,74,New Generation,317360
ANG MO KIO,4 ROOM,92,New Generation,514263
ANG MO KIO,5 ROOM,110,Improved,593567
ANG MO KIO,3 ROOM,68,New Generation,249957
ANG MO KIO,3 ROOM,67,New Generation,295411
ANG MO KIO,3 ROOM,67,New Generation,341520
ANG MO KIO,5 ROOM,119,Improved,646949
ANG MO KIO,5 ROOM,123,Standard,648562
ANG MO KIO,4 ROOM,95,New Generation,476950
ANG MO KIO,3 ROOM,89,New Generation,440392
ANG MO KIO,5 ROOM,112,DBSS,584969
ANG MO KIO,4 ROOM,91,New Generation,488576
ANG MO KIO,3 ROOM,68,New Generation,313785
ANG MO KIO,4 ROOM,97,New Generation,508273
ANG MO KIO,3 ROOM,74,New Generation,363291
ANG MO KIO,3 ROOM,68,New Generation,314087
ANG MO KIO,3 ROOM,74,New Generation,319515
ANG MO KIO,3 ROOM,68,New Generation,300632
ANG MO KIO,3 ROOM,73,New Generation,359782
ANG MO KIO,4 ROOM,95,Model A,505068
ANG MO KIO,5 ROOM,119,Improved,624251
ANG MO KIO,3 ROOM,67,New Generation,287452
ANG MO KIO,3 ROOM,75,New Generation,363777
ANG MO KIO,3 ROOM,68,New Generation,326545
ANG MO KIO,5 ROOM,119,Improved,624737
ANG MO KIO,3 ROOM,67,New Generation,385201
ANG MO KIO,4 ROOM,92,New Generation,432319
ANG MO KIO,3 ROOM,67,New Generation,292725
ANG MO KIO,3 ROOM,74,New Generation,348689
ANG MO KIO,3 ROOM,67,New Generation,401028
ANG MO KIO,4 ROOM,92,New Generation,488319
ANG MO KIO,3 ROOM,82,New Generation,419973
ANG MO KIO,3 ROOM,68,New Generation,294019
ANG MO KIO,4 ROOM,81,New Generation,431380
ANG MO KIO,3 ROOM,74,New Generation,349420
ANG MO KIO,3 ROOM,67,New Generation,292439
ANG MO KIO,3 ROOM,73,New Generation,329217
ANG MO KIO,4 ROOM,93,New Generation,460235
ANG MO KIO,4 ROOM,91,New Generation,475285
ANG MO KIO,4 ROOM,95,Model A,396280
ANG MO KIO,3 ROOM,67,New Generation,290050
ANG MO KIO,5 ROOM,118,Improved,592345
ANG MO KIO,3 ROOM,68,New Generation,359164
ANG MO KIO,2 ROOM,44,Improved,162813
ANG MO KIO,4 ROOM,92,New Generation,453950
ANG MO KIO,5 ROOM,120,Improved,652749
ANG MO KIO,4 ROOM,90,Model A,478929
ANG MO KIO,3 ROOM,67,New Generation,275519
ANG MO KIO,5 ROOM,112,DBSS,617312
ANG MO KIO,4 ROOM,92,New Generation,455393
ANG MO KIO,3 ROOM,74,New Generation,335900
ANG MO KIO,3 ROOM,68,New Generation,312148
ANG MO KIO,3 ROOM,67,New Generation,265777
ANG MO KIO,2 ROOM,44,Improved,170066
ANG MO KIO,3 ROOM,68,New Generation,301354
ANG MO KIO,4 ROOM,92,New Generation,498673
ANG MO KIO,4 ROOM,92,New Generation,454097
ANG MO KIO,3 ROOM,68,New Generation,359076
ANG MO KIO,3 ROOM,67,New Generation,333200
ANG MO KIO,4 ROOM,98,New Generation,470925
ANG MO KIO,4 ROOM,93,New Generation,430307
ANG MO KIO,3 ROOM,67,New Generation,326722
ANG MO KIO,3 ROOM,67,New Generation,394070
ANG MO KIO,3 ROOM,73,New Generation,369458
ANG MO KIO,3 ROOM,67,New Generation,367573
ANG MO KIO,3 ROOM,68,New Generation,367346
ANG MO KIO,3 ROOM,88,New Generation,428081
ANG MO KIO,3 ROOM,74,New Generation,363430
ANG MO KIO,3 ROOM,67,New Generation,307880
ANG MO KIO,4 ROOM,91,New Generation,458064
ANG MO KIO,3 ROOM,67,New Generation,329296
ANG MO KIO,4 ROOM,92,New Generation,465381
ANG MO KIO,4 ROOM,91,Model A,487048
ANG MO KIO,3 ROOM,67,New Generation,287177
ANG MO KIO,3 ROOM,68,New Generation,294452
ANG MO KIO,3 ROOM,68,New Generation,296491
ANG MO KIO,3 ROOM,74,New Generation,334493
ANG MO KIO,3 ROOM,67,New Generation,383322
ANG MO KIO,3 ROOM,82,New Generation,395280
ANG MO KIO,3 ROOM,73,New Generation,330289
ANG MO KIO,3 ROOM,68,New Generation,405860
ANG MO KIO,3 ROOM,67,New Generation,292291
ANG MO KIO,3 ROOM,67,New Generation,304152
ANG MO KIO,4 ROOM,91,New Generation,435387
ANG MO KIO,3 ROOM,67,New Generation,188405
ANG MO KIO,3 ROOM,67,New Generation,305855
ANG MO KIO,3 ROOM,67,New Generation,336414
ANG MO KIO,3 ROOM,75,New Generation,403897
ANG MO KIO,3 ROOM,68,New Generation,313416
ANG MO KIO,3 ROOM,67,New Generation,298538
ANG MO KIO,3 ROOM,73,New Generation,314467
ANG MO KIO,3 ROOM,68,New Generation,363874
ANG MO KIO,3 ROOM,68,New Generation,335516
ANG MO KIO,5 ROOM,118,Improved,625577
ANG MO KIO,4 ROOM,92,New Generation,517782
ANG MO KIO,5 ROOM,119,Improved,644291
ANG MO KIO,3 ROOM,67,New Generation,373255
ANG MO KIO,3 ROOM,78,New Generation,400681
ANG MO KIO,3 ROOM,82,New Generation,390613
ANG MO KIO,3 ROOM,81,New Generation,396547
ANG MO KIO,4 ROOM,105,Model A,575667
ANG MO KIO,4 ROOM,98,New Generation,498875
ANG MO KIO,5 ROOM,119,Improved,632516
ANG MO KIO,3 ROOM,73,New Generation,317395
ANG MO KIO,4 ROOM,99,New Generation,521989
ANG MO KIO,3 ROOM,73,New Generation,332478
ANG MO KIO,4 ROOM,91,New Generation,450769
ANG MO KIO,3 ROOM,82,New Generation,404062
ANG MO KIO,5 ROOM,117,Improved,660286
ANG MO KIO,3 ROOM,68,New Generation,347723
ANG MO KIO,4 ROOM,95,Model A,512958
ANG MO KIO,3 ROOM,69,New Generation,295207
ANG MO KIO,5 ROOM,123,Improved,651102
ANG MO KIO,3 ROOM,73,New Generation,361721
ANG MO KIO,4 ROOM,92,New Generation,482166
ANG MO KIO,3 ROOM,67,New Generation,316146
ANG MO KIO,3 ROOM,68,New Generation,328832
ANG MO KIO,5 ROOM,111,Improved,607821
ANG MO KIO,3 ROOM,89,New Generation,471052
ANG MO KIO,3 ROOM,67,New Generation,332807
ANG MO KIO,4 ROOM,92,New Generation,426389
ANG MO KIO,4 ROOM,92,New Generation,437396
ANG MO KIO,3 ROOM,73,New Generation,349654
ANG MO KIO,5 ROOM,119,Improved,644715
ANG MO KIO,4 ROOM,100,New Generation,494064
ANG MO KIO,4 ROOM,92,New Generation,444985
ANG MO KIO,3 ROOM,67,New Generation,320372
ANG MO KIO,5 ROOM,117,Standard,570570
ANG MO KIO,3 ROOM,68,New Generation,311844
ANG MO KIO,3 ROOM,60,Improved,380350
ANG MO KIO,3 ROOM,68,New Generation,294371
ANG MO KIO,3 ROOM,75,New Generation,319926
ANG MO KIO,3 ROOM,68,New Generation,206778
ANG MO KIO,4 ROOM,99,New Generation,485896
ANG MO KIO,3 ROOM,74,New Generation,378666
ANG MO KIO,4 ROOM,90,Model A,415434
ANG MO KIO,5 ROOM,137,Model A,756676
ANG MO KIO,3 ROOM,70,Model A,347389
ANG MO KIO,4 ROOM,95,Model A,468129
ANG MO KIO,3 ROOM,68,New Generation,317998
ANG MO KIO,5 ROOM,123,Improved,680839
ANG MO KIO,3 ROOM,67,New Generation,216936
ANG MO KIO,4 ROOM,92,New Generation,475935
ANG MO KIO,5 ROOM,123,Standard,664681
ANG MO KIO,4 ROOM,98,New Generation,514129
ANG MO KIO,4 ROOM,92,New Generation,415781
ANG MO KIO,3 ROOM,73,New Generation,301938
ANG MO KIO,5 ROOM,127,Improved,678756
ANG MO KIO,3 ROOM,82,New Generation,396556
ANG MO KIO,4 ROOM,91,New Generation,436914
ANG MO KIO,3 ROOM,68,New Generation,338235
ANG MO KIO,4 ROOM,91,New Generation,456367
ANG MO KIO,5 ROOM,112,DBSS,622482
ANG MO KIO,3 ROOM,67,New Generation,292088
ANG MO KIO,4 ROOM,92,New Generation,479503
ANG MO KIO,4 ROOM,91,New Generation,482682
ANG MO KIO,3 ROOM,67,New Generation,406352
ANG MO KIO,3 ROOM,73,New Generation,373464
ANG MO KIO,5 ROOM,127,Improved,662334
ANG MO KIO,3 ROOM,68,New Generation,309642
ANG MO KIO,3 ROOM,68,New Generation,286941
ANG MO KIO,4 ROOM,100,New Generation,538479
ANG MO KIO,3 ROOM,67,New Generation,329622
ANG MO KIO,3 ROOM,73,New Generation,377074
ANG MO KIO,3 ROOM,68,New Generation,281318
ANG MO KIO,5 ROOM,110,Improved,585656
ANG MO KIO,3 ROOM,68,New Generation,330096
ANG MO KIO,3 ROOM,73,New Generation,335265
ANG MO KIO,3 ROOM,68,New Generation,354401
ANG MO KIO,3 ROOM,75,New Generation,358673
ANG MO KIO,4 ROOM,92,New Generation,449033
ANG MO KIO,4 ROOM,98,New Generation,527565
ANG MO KIO,3 ROOM,67,New Generation,315777
ANG MO KIO,2 ROOM,44,Improved,185968
ANG MO KIO,5 ROOM,110,Improved,565497
ANG MO KIO,4 ROOM,93,New Generation,490121
ANG MO KIO,3 ROOM,67,New Generation,327389
ANG MO KIO,5 ROOM,120,Improved,621263
ANG MO KIO,2 ROOM,44,Improved,199289
ANG MO KIO,3 ROOM,81,New Generation,401077
ANG MO KIO,2 ROOM,44,Improved,146322
ANG MO KIO,4 ROOM,92,New Generation,468253
ANG MO KIO,3 ROOM,67,New Generation,408394
ANG MO KIO,4 ROOM,95,Model A,524147
ANG MO KIO,3 ROOM,67,New Generation,331984
ANG MO KIO,3 ROOM,68,New Generation,344303
ANG MO KIO,3 ROOM,82,New Generation,327711
ANG MO KIO,2 ROOM,45,Improved,145453
ANG MO KIO,3 ROOM,70,Model A,332595
ANG MO KIO,3 ROOM,67,New Generation,278248
ANG MO KIO,3 ROOM,73,New Generation,340319
ANG MO KIO,3 ROOM,68,New Generation,324786
ANG MO KIO,4 ROOM,92,New Generation,484877
ANG MO KIO,5 ROOM,117,DBSS,650580
ANG MO KIO,3 ROOM,73,New Generation,390735
ANG MO KIO,3 ROOM,68,New Generation,334707
ANG MO KIO,3 ROOM,82,New Generation,416898
ANG MO KIO,3 ROOM,88,New Generation,443787
ANG MO KIO,3 ROOM,67,New Generation,341212
ANG MO KIO,4 ROOM,91,New Generation,446031
ANG MO KIO,3 ROOM,70,Model A,351341
ANG MO KIO,2 ROOM,44,Improved,146193
ANG MO KIO,3 ROOM,67,New Generation,311022
ANG MO KIO,3 ROOM,88,New Generation,472770
ANG MO KIO,3 ROOM,67,New Generation,343054
ANG MO KIO,3 ROOM,67,New Generation,321335
ANG MO KIO,5 ROOM,110,Improved,586703
ANG MO KIO,3 ROOM,73,New Generation,307505
ANG MO KIO,3 ROOM,82,New Generation,385634
ANG MO KIO,4 ROOM,92,New Generation,466292
ANG MO KIO,3 ROOM,67,New Generation,299816
ANG MO KIO,4 ROOM,92,New Generation,473254
ANG MO KIO,3 ROOM,67,New Generation,296981
ANG MO KIO,3 ROOM,89,New Generation,568004
ANG MO KIO,5 ROOM,123,Standard,648061
ANG MO KIO,5 ROOM,121,Improved,641359
ANG MO KIO,3 ROOM,67,New Generation,311965
ANG MO KIO,3 ROOM,67,New Generation,265504
ANG MO KIO,5 ROOM,123,Standard,722588
ANG MO KIO,5 ROOM,121,Improved,670898
ANG MO KIO,3 ROOM,69,Improved,340837
ANG MO KIO,4 ROOM,88,Model A,451709
ANG MO KIO,3 ROOM,67,New Generation,310940
ANG MO KIO,5 ROOM,119,Improved,620103
ANG MO KIO,4 ROOM,88,New Generation,428010
ANG MO KIO,3 ROOM,75,New Generation,388979
ANG MO KIO,3 ROOM,68,New Generation,337406
ANG MO KIO,4 ROOM,92,New Generation,469097
ANG MO KIO,5 ROOM,127,Improved,759028
ANG MO KIO,3 ROOM,82,New Generation,414011
ANG MO KIO,3 ROOM,68,New Generation,331404
ANG MO KIO,3 ROOM,74,New Generation,309624
ANG MO KIO,4 ROOM,95,Model A,505935
ANG MO KIO,3 ROOM,67,New Generation,334561
ANG MO KIO,3 ROOM,68,New Generation,293785
ANG MO KIO,4 ROOM,103,New Generation,561216
ANG MO KIO,3 ROOM,67,New Generation,294179
ANG MO KIO,3 ROOM,67,New Generation,288035
ANG MO KIO,3 ROOM,67,New Generation,298241
ANG MO KIO,3 ROOM,68,New Generation,262660
ANG MO KIO,5 ROOM,118,Improved,629321
ANG MO KIO,5 ROOM,110,Improved,535908
ANG MO KIO,3 ROOM,67,New Generation,319635
ANG MO KIO,4 ROOM,91,New Generation,477316
ANG MO KIO,3 ROOM,82,New Generation,421727
ANG MO KIO,5 ROOM,110,Improved,590281
ANG MO KIO,4 ROOM,95,Model A,481704
ANG MO KIO,3 ROOM,67,New Generation,343240
ANG MO KIO,3 ROOM,68,New Generation,324969
ANG MO KIO,5 ROOM,123,Standard,656721
ANG MO KIO,4 ROOM,92,New Generation,472090
ANG MO KIO,3 ROOM,67,New Generation,316187
ANG MO KIO,3 ROOM,89,New Generation,435168
ANG MO KIO,4 ROOM,92,New Generation,517614
ANG MO KIO,5 ROOM,119,Improved,615340
ANG MO KIO,3 ROOM,68,New Generation,301296
ANG MO KIO,3 ROOM,68,New Generation,337643
ANG MO KIO,4 ROOM,91,New Generation,478657
ANG MO KIO,4 ROOM,92,New Generation,524735
ANG MO KIO,3 ROOM,68,New Generation,314680
ANG MO KIO,3 ROOM,73,New Generation,350834
ANG MO KIO,3 ROOM,67,New Generation,435395
ANG MO KIO,3 ROOM,67,New Generation,336696
ANG MO KIO,3 ROOM,73,New Generation,470574
ANG MO KIO,4 ROOM,91,New Generation,456081
ANG MO KIO,5 ROOM,136,Model A,769029
ANG MO KIO,5 ROOM,120,Improved,639512
ANG MO KIO,3 ROOM,68,New Generation,316191
ANG MO KIO,3 ROOM,67,New Generation,311990
ANG MO KIO,4 ROOM,103,New Generation,488951
ANG MO KIO,4 ROOM,92,New Generation,502101
ANG MO KIO,3 ROOM,74,New Generation,320505
ANG MO KIO,3 ROOM,67,New Generation,293239
ANG MO KIO,3 ROOM,67,New Generation,335545
ANG MO KIO,4 ROOM,100,New Generation,479122
ANG MO KIO,3 ROOM,68,New Generation,324312
ANG MO KIO,3 ROOM,67,New Generation,311220
ANG MO KIO,3 ROOM,67,New Generation,329068
ANG MO KIO,5 ROOM,123,Improved,758727
ANG MO KIO,3 ROOM,74,New Generation,331146
ANG MO KIO,3 ROOM,82,New Generation,387000
ANG MO KIO,3 ROOM,73,New Generation,363310
ANG MO KIO,5 ROOM,119,Improved,714913
ANG MO KIO,4 ROOM,98,New Generation,529881
ANG MO KIO,3 ROOM,88,New Generation,444291
ANG MO KIO,3 ROOM,68,New Generation,331882
ANG MO KIO,4 ROOM,85,Model A,385975
ANG MO KIO,3 ROOM,67,New Generation,294684
ANG MO KIO,3 ROOM,74,New Generation,455331
ANG MO KIO,3 ROOM,67,New Generation,306995
ANG MO KIO,3 ROOM,74,New Generation,390898
ANG MO KIO,4 ROOM,98,New Generation,430995
ANG MO KIO,3 ROOM,67,New Generation,324208
ANG MO KIO,3 ROOM,82,New Generation,393166
ANG MO KIO,5 ROOM,119,Improved,636560
ANG MO KIO,3 ROOM,67,New Generation,190598
ANG MO KIO,5 ROOM,117,Standard,657332
ANG MO KIO,5 ROOM,121,Improved,754149
ANG MO KIO,4 ROOM,90,Model A,398457
ANG MO KIO,4 ROOM,92,New Generation,475602
ANG MO KIO,3 ROOM,73,New Generation,335735
ANG MO KIO,4 ROOM,98,New Generation,522100
ANG MO KIO,3 ROOM,67,New Generation,321636
ANG MO KIO,3 ROOM,68,New Generation,329236
ANG MO KIO,5 ROOM,127,Improved,668106
ANG MO KIO,4 ROOM,90,Model A,468226
ANG MO KIO,3 ROOM,67,New Generation,278098
ANG MO KIO,5 ROOM,119,Improved,753677
ANG MO KIO,4 ROOM,97,New Generation,511474
ANG MO KIO,4 ROOM,91,New Generation,509272
ANG MO KIO,4 ROOM,92,New Generation,492936
ANG MO KIO,3 ROOM,67,New Generation,306807
ANG MO KIO,5 ROOM,119,Improved,644655
ANG MO KIO,3 ROOM,73,New Generation,367188
ANG MO KIO,3 ROOM,82,New Generation,357765
ANG MO KIO,5 ROOM,119,Improved,611786
ANG MO KIO,3 ROOM,82,New Generation,363356
ANG MO KIO,4 ROOM,114,Model A,613736
ANG MO KIO,3 ROOM,68,New Generation,322769
ANG MO KIO,3 ROOM,82,New Generation,412625
ANG MO KIO,5 ROOM,126,Improved,722433
ANG MO KIO,3 ROOM,67,New Generation,274272
ANG MO KIO,4 ROOM,92,New Generation,494108
ANG MO KIO,3 ROOM,67,New Generation,303455
ANG MO KIO,3 ROOM,73,New Generation,302478
ANG MO KIO,3 ROOM,60,Improved,290118
ANG MO KIO,4 ROOM,92,New Generation,480052
ANG MO KIO,3 ROOM,68,New Generation,305511
ANG MO KIO,3 ROOM,74,New Generation,337379
ANG MO KIO,4 ROOM,81,New Generation,377682
ANG MO KIO,5 ROOM,111,Improved,600272
ANG MO KIO,3 ROOM,74,New Generation,346924
ANG MO KIO,3 ROOM,67,New Generation,331406
ANG MO KIO,4 ROOM,92,New Generation,477009
ANG MO KIO,3 ROOM,75,New Generation,394816
ANG MO KIO,4 ROOM,91,New Generation,456085
ANG MO KIO,5 ROOM,119,Improved,637888
ANG MO KIO,5 ROOM,119,Improved,686922
ANG MO KIO,5 ROOM,119,Improved,643499
ANG MO KIO,4 ROOM,100,New Generation,504931
ANG MO KIO,3 ROOM,68,New Generation,336888
ANG MO KIO,3 ROOM,68,New Generation,286416
ANG MO KIO,3 ROOM,67,New Generation,319407
ANG MO KIO,4 ROOM,91,New Generation,401951
ANG MO KIO,4 ROOM,93,New Generation,504892
ANG MO KIO,3 ROOM,67,New Generation,306484
ANG MO KIO,3 ROOM,74,New Generation,346955
ANG MO KIO,3 ROOM,74,New Generation,311377
ANG MO KIO,3 ROOM,82,New Generation,406205
ANG MO KIO,3 ROOM,67,New Generation,282137
ANG MO KIO,5 ROOM,117,Standard,607513
ANG MO KIO,3 ROOM,67,New Generation,305147
ANG MO KIO,4 ROOM,92,New Generation,501266
ANG MO KIO,3 ROOM,67,New Generation,317514
ANG MO KIO,5 ROOM,121,Improved,646036
ANG MO KIO,4 ROOM,91,New Generation,426435
ANG MO KIO,3 ROOM,67,New Generation,311087
ANG MO KIO,2 ROOM,44,Improved,162097
ANG MO KIO,3 ROOM,68,New Generation,306218
ANG MO KIO,3 ROOM,68,New Generation,312933
ANG MO KIO,3 ROOM,67,New Generation,284210
ANG MO KIO,3 ROOM,68,New Generation,336359
ANG MO KIO,3 ROOM,68,New Generation,314746
ANG MO KIO,4 ROOM,91,New Generation,441938
ANG MO KIO,4 ROOM,92,New Generation,459521
ANG MO KIO,4 ROOM,92,New Generation,381924
ANG MO KIO,3 ROOM,82,New Generation,404117
ANG MO KIO,3 ROOM,67,New Generation,334964
ANG MO KIO,3 ROOM,67,New Generation,323841
ANG MO KIO,3 ROOM,68,New Generation,428534
ANG MO KIO,4 ROOM,91,New Generation,426025
ANG MO KIO,3 ROOM,73,New Generation,330943
ANG MO KIO,3 ROOM,67,New Generation,315717
ANG MO KIO,3 ROOM,73,New Generation,334502
ANG MO KIO,4 ROOM,90,Model A,446352
ANG MO KIO,3 ROOM,68,New Generation,295869
ANG MO KIO,3 ROOM,68,New Generation,417664
ANG MO KIO,4 ROOM,92,New Generation,416494
ANG MO KIO,3 ROOM,67,New Generation,266411
ANG MO KIO,4 ROOM,106,Model A,534534
ANG MO KIO,4 ROOM,91,New Generation,483832
ANG MO KIO,3 ROOM,67,New Generation,327571
ANG MO KIO,3 ROOM,68,New Generation,297306
ANG MO KIO,3 ROOM,67,New Generation,318637
ANG MO KIO,4 ROOM,92,New Generation,486942
ANG MO KIO,3 ROOM,67,New Generation,291552
ANG MO KIO,3 ROOM,73,New Generation,355263
ANG MO KIO,3 ROOM,67,New Generation,305821
ANG MO KIO,3 ROOM,68,New Generation,331962
ANG MO KIO,5 ROOM,118,Improved,634327
ANG MO KIO,4 ROOM,92,New Generation,466541
ANG MO KIO,3 ROOM,60,Improved,279897
ANG MO KIO,5 ROOM,121,Improved,649926
ANG MO KIO,4 ROOM,91,New Generation,481891
ANG MO KIO,3 ROOM,82,New Generation,474430
ANG MO KIO,3 ROOM,67,New Generation,361022
ANG MO KIO,3 ROOM,68,New Generation,294034
ANG MO KIO,3 ROOM,67,New Generation,298429
ANG MO KIO,2 ROOM,44,Improved,169293
ANG MO KIO,5 ROOM,117,Improved,646851
ANG MO KIO,3 ROOM,68,New Generation,317659
ANG MO KIO,3 ROOM,68,New Generation,312574
ANG MO KIO,4 ROOM,92,New Generation,451472
ANG MO KIO,3 ROOM,68,New Generation,365606
ANG MO KIO,3 ROOM,68,New Generation,324642
ANG MO KIO,3 ROOM,67,New Generation,213747
ANG MO KIO,3 ROOM,73,New Generation,372097
ANG MO KIO,4 ROOM,82,New Generation,420202
ANG MO KIO,3 ROOM,67,New Generation,293949
ANG MO KIO,5 ROOM,133,Model A,736903
ANG MO KIO,3 ROOM,68,New Generation,342090
ANG MO KIO,4 ROOM,93,New Generation,481069
ANG MO KIO,3 ROOM,75,New Generation,359426
ANG MO KIO,5 ROOM,120,DBSS,632714
ANG MO KIO,3 ROOM,75,New Generation,369420
ANG MO KIO,3 ROOM,67,New Generation,323581
ANG MO KIO,3 ROOM,68,New Generation,334149
ANG MO KIO,4 ROOM,91,New Generation,447936
ANG MO KIO,4 ROOM,93,New Generation,475885
ANG MO KIO,4 ROOM,92,New Generation,551015
ANG MO KIO,3 ROOM,68,New Generation,316866
ANG MO KIO,4 ROOM,87,Model A,428867
ANG MO KIO,4 ROOM,92,New Generation,470704
ANG MO KIO,4 ROOM,92,New Generation,480047
ANG MO KIO,3 ROOM,67,New Generation,297185
ANG MO KIO,3 ROOM,68,New Generation,327175
ANG MO KIO,3 ROOM,69,New Generation,346219
ANG MO KIO,3 ROOM,67,New Generation,315432
ANG MO KIO,3 ROOM,73,New Generation,349271
ANG MO KIO,3 ROOM,67,New Generation,286975
ANG MO KIO,4 ROOM,91,New Generation,388697
ANG MO KIO,3 ROOM,67,New Generation,334584
ANG MO KIO,4 ROOM,92,New Generation,464158
ANG MO KIO,3 ROOM,88,New Generation,453172
ANG MO KIO,3 ROOM,82,New Generation,413154
ANG MO KIO,5 ROOM,110,Improved,629644
ANG MO KIO,3 ROOM,67,New Generation,327117
ANG MO KIO,4 ROOM,92,New Generation,498688
ANG MO KIO,3 ROOM,67,New Generation,308366
ANG MO KIO,3 ROOM,73,New Generation,361285
ANG MO KIO,5 ROOM,110,Improved,560646
ANG MO KIO,4 ROOM,92,New Generation,442510
ANG MO KIO,5 ROOM,119,Improved,653344
ANG MO KIO,3 ROOM,68,New Generation,311856
ANG MO KIO,4 ROOM,99,New Generation,536746
ANG MO KIO,3 ROOM,67,New Generation,356440
ANG MO KIO,3 ROOM,68,New Generation,340766
ANG MO KIO,3 ROOM,67,New Generation,319419
ANG MO KIO,3 ROOM,67,New Generation,306602
ANG MO KIO,3 ROOM,68,New Generation,346927
ANG MO KIO,4 ROOM,96,Model A,506622
ANG MO KIO,4 ROOM,92,New Generation,515219
ANG MO KIO,3 ROOM,68,New Generation,293264
ANG MO KIO,3 ROOM,68,New Generation,402503
ANG MO KIO,3 ROOM,68,New Generation,310097
ANG MO KIO,4 ROOM,92,New Generation,463543
ANG MO KIO,5 ROOM,121,Improved,692121
ANG MO KIO,3 ROOM,67,New Generation,299291
ANG MO KIO,3 ROOM,68,New Generation,266967
ANG MO KIO,4 ROOM,92,New Generation,482350
ANG MO KIO,4 ROOM,92,New Generation,445421
ANG MO KIO,3 ROOM,67,New Generation,353400
ANG MO KIO,4 ROOM,92,New Generation,445030
ANG MO KIO,4 ROOM,91,New Generation,429882
ANG MO KIO,4 ROOM,91,New Generation,484018
ANG MO KIO,3 ROOM,82,New Generation,398742
ANG MO KIO,3 ROOM,82,New Generation,421600
ANG MO KIO,5 ROOM,118,Improved,654958
ANG MO KIO,3 ROOM,67,New Generation,313700
ANG MO KIO,4 ROOM,98,New Generation,509578
ANG MO KIO,3 ROOM,68,New Generation,321291
ANG MO KIO,4 ROOM,92,New Generation,487674
ANG MO KIO,3 ROOM,74,New Generation,353433
ANG MO KIO,3 ROOM,68,New Generation,295589
ANG MO KIO,3 ROOM,67,New Generation,297241
ANG MO KIO,3 ROOM,73,New Generation,398076
ANG MO KIO,3 ROOM,68,New Generation,428110
ANG MO KIO,4 ROOM,91,New Generation,420309
ANG MO KIO,3 ROOM,68,New Generation,316267
ANG MO KIO,4 ROOM,92,New Generation,462251
ANG MO KIO,5 ROOM,137,Model A,791272
ANG MO KIO,3 ROOM,68,New Generation,263475
ANG MO KIO,3 ROOM,67,New Generation,311232
ANG MO KIO,3 ROOM,67,New Generation,305084
ANG MO KIO,5 ROOM,110,Improved,571791
ANG MO KIO,4 ROOM,91,New Generation,509576
ANG MO KIO,4 ROOM,98,New Generation,522001
ANG MO KIO,2 ROOM,45,Improved,198890
ANG MO KIO,4 ROOM,95,Model A,495252
ANG MO KIO,3 ROOM,73,New Generation,318339
ANG MO KIO,3 ROOM,81,New Generation,347264
ANG MO KIO,4 ROOM,91,New Generation,444566
ANG MO KIO,3 ROOM,81,New Generation,435294
ANG MO KIO,3 ROOM,68,New Generation,339904
ANG MO KIO,3 ROOM,74,New Generation,348970
ANG MO KIO,3 ROOM,73,New Generation,349593
ANG MO KIO,4 ROOM,98,New Generation,472860
ANG MO KIO,4 ROOM,92,New Generation,450959
ANG MO KIO,3 ROOM,68,New Generation,306659
ANG MO KIO,4 ROOM,109,New Generation,622781
ANG MO KIO,5 ROOM,111,Improved,605229
ANG MO KIO,3 ROOM,67,New Generation,297948
ANG MO KIO,3 ROOM,67,New Generation,277019
ANG MO KIO,5 ROOM,125,Improved,692175
ANG MO KIO,3 ROOM,60,Improved,284345
ANG MO KIO,5 ROOM,121,Improved,687077
ANG MO KIO,3 ROOM,74,New Generation,375538
ANG MO KIO,4 ROOM,93,New Generation,461204
ANG MO KIO,4 ROOM,92,New Generation,464811
ANG MO KIO,4 ROOM,92,New Generation,431100
ANG MO KIO,3 ROOM,67,New Generation,299231
ANG MO KIO,3 ROOM,75,New Generation,345166
ANG MO KIO,3 ROOM,67,New Generation,223193
ANG MO KIO,3 ROOM,67,New Generation,289095
ANG MO KIO,3 ROOM,75,New Generation,369208
ANG MO KIO,3 ROOM,67,New Generation,312042
ANG MO KIO,3 ROOM,68,New Generation,323643
ANG MO KIO,3 ROOM,67,New Generation,261935
ANG MO KIO,4 ROOM,91,New Generation,491408
ANG MO KIO,3 ROOM,68,New Generation,297596
ANG MO KIO,5 ROOM,118,Improved,630201
ANG MO KIO,3 ROOM,74,New Generation,325461
ANG MO KIO,3 ROOM,67,New Generation,235225
ANG MO KIO,3 ROOM,68,New Generation,434269
ANG MO KIO,3 ROOM,89,New Generation,445887
ANG MO KIO,3 ROOM,67,New Generation,331957
ANG MO KIO,4 ROOM,92,New Generation,510230
ANG MO KIO,2 ROOM,44,Improved,142760
ANG MO KIO,3 ROOM,75,New Generation,341344
ANG MO KIO,3 ROOM,67,New Generation,294359
ANG MO KIO,4 ROOM,91,Model A,431668
ANG MO KIO,3 ROOM,70,Model A,339280
ANG MO KIO,3 ROOM,68,New Generation,314661
ANG MO KIO,3 ROOM,67,New Generation,371694
ANG MO KIO,4 ROOM,92,New Generation,478380
ANG MO KIO,3 ROOM,75,New Generation,379045
ANG MO KIO,4 ROOM,91,New Generation,461475
ANG MO KIO,5 ROOM,110,Improved,552759
ANG MO KIO,3 ROOM,89,New Generation,455261
ANG MO KIO,3 ROOM,67,New Generation,305955
ANG MO KIO,3 ROOM,68,New Generation,308187
ANG MO KIO,3 ROOM,67,New Generation,275857
ANG MO KIO,3 ROOM,82,New Generation,424942
ANG MO KIO,3 ROOM,67,New Generation,348054
ANG MO KIO,3 ROOM,82,New Generation,427623
ANG MO KIO,3 ROOM,73,New Generation,360207
ANG MO KIO,4 ROOM,92,New Generation,483446
ANG MO KIO,3 ROOM,67,New Generation,319229
ANG MO KIO,3 ROOM,75,New Generation,352313
ANG MO KIO,4 ROOM,112,Model A,623612
ANG MO KIO,3 ROOM,67,New Generation,291329
ANG MO KIO,4 ROOM,83,New Generation,413353
ANG MO KIO,3 ROOM,67,New Generation,310147
ANG MO KIO,3 ROOM,67,New Generation,327999
ANG MO KIO,3 ROOM,67,New Generation,330615
ANG MO KIO,3 ROOM,82,New Generation,420282
ANG MO KIO,3 ROOM,67,New Generation,333840
ANG MO KIO,4 ROOM,92,New Generation,477535
ANG MO KIO,3 ROOM,67,New Generation,320360
ANG MO KIO,3 ROOM,67,New Generation,331071
ANG MO KIO,3 ROOM,68,New Generation,341513
ANG MO KIO,5 ROOM,119,Improved,654639
ANG MO KIO,3 ROOM,67,New Generation,352399
ANG MO KIO,3 ROOM,81,New Generation,501211
ANG MO KIO,3 ROOM,67,New Generation,310823
ANG MO KIO,3 ROOM,67,New Generation,305536
ANG MO KIO,3 ROOM,88,New Generation,421290
ANG MO KIO,3 ROOM,67,New Generation,300938
ANG MO KIO,2 ROOM,44,Improved,147046
ANG MO KIO,3 ROOM,75,New Generation,382981
ANG MO KIO,2 ROOM,44,Improved,181419
ANG MO KIO,3 ROOM,67,New Generation,288610
ANG MO KIO,4 ROOM,92,New Generation,469998
ANG MO KIO,4 ROOM,93,New Generation,430003
ANG MO KIO,4 ROOM,92,New Generation,510846
ANG MO KIO,4 ROOM,88,Model A,465316
ANG MO KIO,3 ROOM,73,New Generation,432635
ANG MO KIO,4 ROOM,92,New Generation,477337
ANG MO KIO,3 ROOM,67,New Generation,323590
ANG MO KIO,3 ROOM,68,New Generation,322594
ANG MO KIO,3 ROOM,67,New Generation,372329
ANG MO KIO,4 ROOM,97,New Generation,470377
ANG MO KIO,3 ROOM,74,New Generation,321256
ANG MO KIO,3 ROOM,67,New Generation,310453
ANG MO KIO,3 ROOM,68,New Generation,315385
ANG MO KIO,3 ROOM,73,New Generation,377561
ANG MO KIO,3 ROOM,68,New Generation,313676
ANG MO KIO,3 ROOM,68,New Generation,312002
ANG MO KIO,4 ROOM,98,New Generation,492583
ANG MO KIO,3 ROOM,74,New Generation,380112
ANG MO KIO,4 ROOM,82,New Generation,362835
ANG MO KIO,3 ROOM,68,New Generation,301312
ANG MO KIO,3 ROOM,74,New Generation,352624
ANG MO KIO,3 ROOM,67,New Generation,314333
ANG MO KIO,4 ROOM,82,New Generation,335846
ANG MO KIO,3 ROOM,68,New Generation,324425
ANG MO KIO,2 ROOM,44,Improved,177055
ANG MO KIO,2 ROOM,44,Improved,164992
ANG MO KIO,3 ROOM,74,New Generation,349457
ANG MO KIO,4 ROOM,92,New Generation,471491
ANG MO KIO,4 ROOM,90,Model A,452717
ANG MO KIO,3 ROOM,67,New Generation,337399
ANG MO KIO,3 ROOM,82,New Generation,412192
ANG MO KIO,3 ROOM,68,New Generation,342335
ANG MO KIO,3 ROOM,68,New Generation,347461
ANG MO KIO,3 ROOM,68,New Generation,300298
ANG MO KIO,3 ROOM,82,New Generation,428932
ANG MO KIO,3 ROOM,68,New Generation,302750
ANG MO KIO,3 ROOM,68,New Generation,333510
ANG MO KIO,4 ROOM,92,New Generation,455627
ANG MO KIO,5 ROOM,134,Model A,746333
ANG MO KIO,3 ROOM,73,New Generation,329779
ANG MO KIO,5 ROOM,138,Model A,807463
ANG MO KIO,3 ROOM,67,New Generation,299626
ANG MO KIO,3 ROOM,68,New Generation,341223
ANG MO KIO,3 ROOM,68,New Generation,296934
ANG MO KIO,3 ROOM,68,New Generation,293079
ANG MO KIO,4 ROOM,91,New Generation,440994
ANG MO KIO,3 ROOM,68,New Generation,329454
ANG MO KIO,3 ROOM,68,New Generation,340880
ANG MO KIO,3 ROOM,88,New Generation,431394
ANG MO KIO,3 ROOM,82,New Generation,407604
ANG MO KIO,4 ROOM,97,New Generation,519424
ANG MO KIO,4 ROOM,91,New Generation,434991
ANG MO KIO,3 ROOM,68,New Generation,340459
ANG MO KIO,4 ROOM,102,Model A,533310
ANG MO KIO,4 ROOM,92,New Generation,504525
ANG MO KIO,5 ROOM,118,Improved,618417
ANG MO KIO,3 ROOM,82,New Generation,453874
ANG MO KIO,3 ROOM,68,New Generation,333398
ANG MO KIO,3 ROOM,67,New Generation,324694
ANG MO KIO,4 ROOM,91,New Generation,445580
ANG MO KIO,3 ROOM,67,New Generation,342432
ANG MO KIO,4 ROOM,91,Model A,507374
ANG MO KIO,3 ROOM,68,New Generation,323711
ANG MO KIO,3 ROOM,88,New Generation,441100
ANG MO KIO,3 ROOM,67,New Generation,341119
ANG MO KIO,3 ROOM,68,New Generation,289052
ANG MO KIO,4 ROOM,98,New Generation,470241
ANG MO KIO,4 ROOM,96,Model A,501885
ANG MO KIO,3 ROOM,74,New Generation,396716
ANG MO KIO,3 ROOM,67,New Generation,330008
ANG MO KIO,3 ROOM,67,New Generation,331197
ANG MO KIO,3 ROOM,73,New Generation,335665
ANG MO KIO,3 ROOM,68,New Generation,275990
ANG MO KIO,3 ROOM,70,Model A,348629
ANG MO KIO,3 ROOM,70,Model A,318706
ANG MO KIO,5 ROOM,133,Model A,734623
ANG MO KIO,4 ROOM,92,New Generation,448415
ANG MO KIO,3 ROOM,74,New Generation,369094
ANG MO KIO,5 ROOM,118,Improved,680344
ANG MO KIO,4 ROOM,92,New Generation,478749
ANG MO KIO,3 ROOM,67,New Generation,313104
ANG MO KIO,3 ROOM,68,New Generation,234975
ANG MO KIO,3 ROOM,67,New Generation,323354
ANG MO KIO,4 ROOM,92,New Generation,491411
ANG MO KIO,3 ROOM,67,New Generation,294243
ANG MO KIO,5 ROOM,110,Improved,570673
ANG MO KIO,3 ROOM,68,New Generation,316668
ANG MO KIO,3 ROOM,67,New Generation,317018
ANG MO KIO,3 ROOM,67,New Generation,316686
ANG MO KIO,3 ROOM,70,Model A,302146
ANG MO KIO,5 ROOM,119,Improved,632883
ANG MO KIO,3 ROOM,73,New Generation,342406
ANG MO KIO,3 ROOM,68,New Generation,202305
ANG MO KIO,3 ROOM,68,New Generation,341816
ANG MO KIO,4 ROOM,91,New Generation,440196
ANG MO KIO,3 ROOM,75,New Generation,338204
ANG MO KIO,3 ROOM,68,New Generation,321898
ANG MO KIO,4 ROOM,92,New Generation,503307
ANG MO KIO,3 ROOM,67,New Generation,361001
ANG MO KIO,3 ROOM,73,New Generation,343903
ANG MO KIO,3 ROOM,68,New Generation,317642
ANG MO KIO,4 ROOM,98,New Generation,496616
ANG MO KIO,4 ROOM,92,New Generation,455694
ANG MO KIO,4 ROOM,98,New Generation,500921
ANG MO KIO,4 ROOM,99,New Generation,501587
ANG MO KIO,3 ROOM,67,New Generation,325764
ANG MO KIO,3 ROOM,68,New Generation,270840
ANG MO KIO,4 ROOM,92,New Generation,462951
ANG MO KIO,3 ROOM,82,New Generation,404459
ANG MO KIO,3 ROOM,73,New Generation,307176
ANG MO KIO,3 ROOM,89,New Generation,423272
ANG MO KIO,4 ROOM,92,New Generation,484116
ANG MO KIO,4 ROOM,92,New Generation,480738
ANG MO KIO,4 ROOM,81,New Generation,315557
ANG MO KIO,4 ROOM,92,New Generation,466284
ANG MO KIO,4 ROOM,92,New Generation,481015
ANG MO KIO,3 ROOM,74,New Generation,361876
ANG MO KIO,3 ROOM,67,New Generation,329119
ANG MO KIO,3 ROOM,88,New Generation,440134
ANG MO KIO,3 ROOM,67,New Generation,354403
ANG MO KIO,3 ROOM,82,New Generation,378818
ANG MO KIO,3 ROOM,67,New Generation,293336
ANG MO KIO,5 ROOM,110,Improved,690248
ANG MO KIO,3 ROOM,82,New Generation,370361
ANG MO KIO,3 ROOM,89,New Generation,454868
ANG MO KIO,5 ROOM,123,Improved,671318
ANG MO KIO,3 ROOM,67,New Generation,302688
ANG MO KIO,4 ROOM,97,New Generation,488011
ANG MO KIO,3 ROOM,67,New Generation,290104
ANG MO KIO,4 ROOM,92,New Generation,453705
ANG MO KIO,3 ROOM,82,New Generation,384545
ANG MO KIO,5 ROOM,123,Standard,653141
ANG MO KIO,4 ROOM,88,Model A,425293
ANG MO KIO,3 ROOM,68,New Generation,388428
ANG MO KIO,3 ROOM,73,New Generation,373302
ANG MO KIO,3 ROOM,67,New Generation,303614
ANG MO KIO,3 ROOM,67,New Generation,309742
ANG MO KIO,3 ROOM,73,New Generation,329230
ANG MO KIO,4 ROOM,92,New Generation,448962
ANG MO KIO,3 ROOM,73,New Generation,343451
ANG MO KIO,3 ROOM,67,New Generation,197550
ANG MO KIO,3 ROOM,82,New Generation,402989
ANG MO KIO,3 ROOM,67,New Generation,297469
ANG MO KIO,3 ROOM,68,New Generation,302865
ANG MO KIO,4 ROOM,91,New Generation,467601
ANG MO KIO,5 ROOM,112,DBSS,586551
ANG MO KIO,4 ROOM,91,New Generation,490144
ANG MO KIO,3 ROOM,67,New Generation,335045
ANG MO KIO,3 ROOM,68,New Generation,317403
ANG MO KIO,3 ROOM,67,New Generation,336262
ANG MO KIO,4 ROOM,85,Model A,405553
ANG MO KIO,4 ROOM,91,New Generation,475466
ANG MO KIO,2 ROOM,44,Improved,62005
ANG MO KIO,3 ROOM,82,New Generation,442988
ANG MO KIO,3 ROOM,82,New Generation,385058
ANG MO KIO,3 ROOM,68,New Generation,283947
ANG MO KIO,4 ROOM,92,New Generation,357208
ANG MO KIO,3 ROOM,68,New Generation,293131
ANG MO KIO,5 ROOM,119,Improved,656987
ANG MO KIO,3 ROOM,67,New Generation,287178
ANG MO KIO,3 ROOM,75,New Generation,377171
ANG MO KIO,3 ROOM,88,New Generation,565361
ANG MO KIO,4 ROOM,92,New Generation,463039
ANG MO KIO,3 ROOM,82,New Generation,423121
ANG MO KIO,4 ROOM,91,New Generation,449695
ANG MO KIO,4 ROOM,90,Model A,465032
ANG MO KIO,4 ROOM,91,New Generation,471838
ANG MO KIO,3 ROOM,68,New Generation,301852
ANG MO KIO,3 ROOM,68,New Generation,407568
ANG MO KIO,4 ROOM,92,New Generation,460845
ANG MO KIO,3 ROOM,67,New Generation,332246
ANG MO KIO,3 ROOM,74,New Generation,281694
ANG MO KIO,3 ROOM,88,New Generation,444608
ANG MO KIO,3 ROOM,82,New Generation,408912
ANG MO KIO,4 ROOM,93,New Generation,485573
ANG MO KIO,4 ROOM,95,Model A,442156
ANG MO KIO,4 ROOM,92,New Generation,458353
ANG MO KIO,4 ROOM,92,New Generation,492363
ANG MO KIO,3 ROOM,68,New Generation,202465
ANG MO KIO,5 ROOM,110,Improved,529682
ANG MO KIO,3 ROOM,67,New Generation,320372
ANG MO KIO,4 ROOM,92,New Generation,431543
ANG MO KIO,4 ROOM,91,New Generation,510524
ANG MO KIO,4 ROOM,97,New Generation,525179
ANG MO KIO,5 ROOM,136,Model A,750955
ANG MO KIO,3 ROOM,68,New Generation,272529
ANG MO KIO,3 ROOM,68,New Generation,279313
ANG MO KIO,4 ROOM,92,New Generation,445235
ANG MO KIO,2 ROOM,45,Improved,199311
ANG MO KIO,4 ROOM,103,New Generation,532627
ANG MO KIO,4 ROOM,93,New Generation,427234
ANG MO KIO,3 ROOM,82,New Generation,417194
ANG MO KIO,3 ROOM,67,New Generation,302415
ANG MO KIO,4 ROOM,90,Model A,474140
ANG MO KIO,3 ROOM,68,New Generation,321723
ANG MO KIO,3 ROOM,67,New Generation,318368
ANG MO KIO,3 ROOM,68,New Generation,366201
ANG MO KIO,3 ROOM,68,New Generation,327198
ANG MO KIO,3 ROOM,75,New Generation,254046
ANG MO KIO,5 ROOM,125,Improved,657622
ANG MO KIO,3 ROOM,68,New Generation,303333
ANG MO KIO,3 ROOM,68,New Generation,339386
ANG MO KIO,3 ROOM,68,New Generation,332300
ANG MO KIO,3 ROOM,73,New Generation,342681
ANG MO KIO,4 ROOM,91,New Generation,472260
ANG MO KIO,3 ROOM,73,New Generation,473833
ANG MO KIO,4 ROOM,88,Model A,458098
ANG MO KIO,5 ROOM,136,Adjoined flat,733630
ANG MO KIO,4 ROOM,108,Model A,579116
ANG MO KIO,4 ROOM,93,New Generation,486169
ANG MO KIO,5 ROOM,110,Improved,603082
ANG MO KIO,4 ROOM,87,Model A,425715
ANG MO KIO,3 ROOM,82,New Generation,383927
ANG MO KIO,4 ROOM,92,New Generation,515024
ANG MO KIO,4 ROOM,98,New Generation,545379
ANG MO KIO,4 ROOM,97,New Generation,512337
ANG MO KIO,3 ROOM,82,New Generation,413605
ANG MO KIO,3 ROOM,73,New Generation,342298
ANG MO KIO,5 ROOM,117,Improved,635947
ANG MO KIO,3 ROOM,67,New Generation,293448
ANG MO KIO,3 ROOM,67,New Generation,286290
ANG MO KIO,4 ROOM,92,New Generation,527769
ANG MO KIO,3 ROOM,68,New Generation,355233
ANG MO KIO,3 ROOM,68,New Generation,305922
ANG MO KIO,3 ROOM,68,New Generation,364171
ANG MO KIO,3 ROOM,68,New Generation,318494
ANG MO KIO,5 ROOM,110,Improved,617891
ANG MO KIO,4 ROOM,98,New Generation,506123
ANG MO KIO,3 ROOM,68,New Generation,334439
ANG MO KIO,4 ROOM,92,New Generation,471596
ANG MO KIO,3 ROOM,75,New Generation,347014
ANG MO KIO,3 ROOM,67,New Generation,312404
ANG MO KIO,3 ROOM,68,New Generation,328136
ANG MO KIO,3 ROOM,67,New Generation,188201
ANG MO KIO,3 ROOM,67,New Generation,354485
ANG MO KIO,3 ROOM,67,New Generation,343919
ANG MO KIO,3 ROOM,67,New Generation,279857
ANG MO KIO,3 ROOM,68,New Generation,305177
ANG MO KIO,4 ROOM,100,New Generation,431558
ANG MO KIO,3 ROOM,68,New Generation,341714
ANG MO KIO,3 ROOM,68,New Generation,280897
ANG MO KIO,4 ROOM,92,New Generation,517337
ANG MO KIO,4 ROOM,98,New Generation,520311
ANG MO KIO,3 ROOM,61,Improved,271464
ANG MO KIO,3 ROOM,67,New Generation,293268
ANG MO KIO,4 ROOM,92,New Generation,577838
ANG MO KIO,3 ROOM,68,New Generation,315328
ANG MO KIO,3 ROOM,68,New Generation,283000
ANG MO KIO,3 ROOM,67,New Generation,332210
ANG MO KIO,3 ROOM,67,New Generation,273064
ANG MO KIO,3 ROOM,67,New Generation,318032
ANG MO KIO,4 ROOM,92,New Generation,494914
ANG MO KIO,3 ROOM,75,New Generation,355741
ANG MO KIO,3 ROOM,67,New Generation,335260
ANG MO KIO,3 ROOM,67,New Generation,324818
ANG MO KIO,3 ROOM,67,New Generation,270999
ANG MO KIO,3 ROOM,68,New Generation,325111
ANG MO KIO,3 ROOM,69,New Generation,365351
ANG MO KIO,2 ROOM,44,Improved,196308
ANG MO KIO,3 ROOM,67,New Generation,304148
ANG MO KIO,5 ROOM,135,Model A,722188
ANG MO KIO,3 ROOM,68,New Generation,348545
ANG MO KIO,3 ROOM,82,New Generation,416616
ANG MO KIO,3 ROOM,82,New Generation,408978
ANG MO KIO,4 ROOM,95,Model A,502302
ANG MO KIO,3 ROOM,75,New Generation,360876
ANG MO KIO,3 ROOM,68,New Generation,312163
ANG MO KIO,3 ROOM,82,New Generation,417050
ANG MO KIO,5 ROOM,119,Improved,623426
ANG MO KIO,4 ROOM,91,New Generation,440320
ANG MO KIO,4 ROOM,106,Model A,555939
ANG MO KIO,3 ROOM,82,New Generation,401404
ANG MO KIO,3 ROOM,73,New Generation,309474
ANG MO KIO,4 ROOM,94,Model A,584832
ANG MO KIO,5 ROOM,134,Adjoined flat,721747
ANG MO KIO,3 ROOM,68,New Generation,284488
ANG MO KIO,4 ROOM,98,New Generation,500421
ANG MO KIO,3 ROOM,82,New Generation,344938
ANG MO KIO,3 ROOM,81,New Generation,389527
ANG MO KIO,3 ROOM,67,New Generation,344671
ANG MO KIO,3 ROOM,82,New Generation,411508
ANG MO KIO,4 ROOM,91,DBSS,523219
ANG MO KIO,3 ROOM,67,New Generation,335220
ANG MO KIO,4 ROOM,92,New Generation,451366
ANG MO KIO,5 ROOM,111,Improved,618244
ANG MO KIO,3 ROOM,82,New Generation,428989
ANG MO KIO,5 ROOM,120,Improved,731198
ANG MO KIO,4 ROOM,92,New Generation,431671
ANG MO KIO,3 ROOM,67,New Generation,296804
ANG MO KIO,3 ROOM,68,New Generation,303823
ANG MO KIO,4 ROOM,95,Model A,467839
ANG MO KIO,4 ROOM,90,Model A,415365
ANG MO KIO,2 ROOM,44,Improved,189900
ANG MO KIO,3 ROOM,67,New Generation,323944
ANG MO KIO,3 ROOM,70,Model A,262128
ANG MO KIO,3 ROOM,82,New Generation,406180
ANG MO KIO,3 ROOM,68,New Generation,280616
ANG MO KIO,3 ROOM,67,New Generation,295223
ANG MO KIO,3 ROOM,67,New Generation,317635
ANG MO KIO,3 ROOM,82,New Generation,399732
ANG MO KIO,4 ROOM,92,New Generation,452228
ANG MO KIO,4 ROOM,98,New Generation,523578
ANG MO KIO,4 ROOM,92,New Generation,478928
ANG MO KIO,5 ROOM,121,Improved,628761
ANG MO KIO,3 ROOM,82,New Generation,429133
ANG MO KIO,5 ROOM,119,Improved,645301
ANG MO KIO,3 ROOM,67,New Generation,269386
ANG MO KIO,3 ROOM,68,New Generation,329785
ANG MO KIO,4 ROOM,91,New Generation,489114
ANG MO KIO,3 ROOM,73,New Generation,332544
ANG MO KIO,4 ROOM,85,Model A,328847
ANG MO KIO,2 ROOM,44,Improved,150557
ANG MO KIO,4 ROOM,91,New Generation,486431
ANG MO KIO,3 ROOM,68,New Generation,378198
ANG MO KIO,3 ROOM,68,New Generation,301296
ANG MO KIO,5 ROOM,125,Improved,695678
ANG MO KIO,3 ROOM,73,New Generation,334734
ANG MO KIO,3 ROOM,73,New Generation,335307
ANG MO KIO,5 ROOM,121,Improved,544526
ANG MO KIO,4 ROOM,92,New Generation,456813
ANG MO KIO,3 ROOM,67,New Generation,319234
ANG MO KIO,5 ROOM,121,Improved,645185
ANG MO KIO,3 ROOM,68,New Generation,269799
ANG MO KIO,4 ROOM,96,Model A,481686
ANG MO KIO,4 ROOM,91,New Generation,485485
ANG MO KIO,3 ROOM,67,New Generation,327812
ANG MO KIO,3 ROOM,68,New Generation,329540
ANG MO KIO,3 ROOM,67,New Generation,324007
ANG MO KIO,3 ROOM,67,New Generation,357119
ANG MO KIO,4 ROOM,92,New Generation,450031
ANG MO KIO,4 ROOM,91,New Generation,483170
ANG MO KIO,4 ROOM,91,New Generation,470060
ANG MO KIO,5 ROOM,125,Improved,675438
ANG MO KIO,4 ROOM,90,Model A,460993
ANG MO KIO,3 ROOM,68,New Generation,322627
ANG MO KIO,3 ROOM,89,New Generation,442728
ANG MO KIO,3 ROOM,67,New Generation,326884
ANG MO KIO,4 ROOM,92,New Generation,517879
ANG MO KIO,4 ROOM,91,New Generation,466119
ANG MO KIO,3 ROOM,68,New Generation,198627
ANG MO KIO,3 ROOM,82,New Generation,385511
ANG MO KIO,5 ROOM,111,Improved,575581
ANG MO KIO,5 ROOM,117,Improved,661845
ANG MO KIO,5 ROOM,121,Improved,652081
ANG MO KIO,4 ROOM,91,New Generation,480018
ANG MO KIO,3 ROOM,68,New Generation,271824
ANG MO KIO,3 ROOM,67,New Generation,321364
ANG MO KIO,3 ROOM,89,New Generation,442911
ANG MO KIO,3 ROOM,67,New Generation,292727
ANG MO KIO,4 ROOM,91,New Generation,470255
ANG MO KIO,3 ROOM,73,New Generation,373227
ANG MO KIO,4 ROOM,94,Model A,457100
ANG MO KIO,3 ROOM,68,New Generation,323561
ANG MO KIO,3 ROOM,67,New Generation,298136
ANG MO KIO,3 ROOM,67,New Generation,310548
ANG MO KIO,4 ROOM,92,New Generation,456177
ANG MO KIO,4 ROOM,92,New Generation,425306
ANG MO KIO,3 ROOM,68,New Generation,265616
ANG MO KIO,5 ROOM,135,Model A,755882
ANG MO KIO,4 ROOM,98,New Generation,499818
ANG MO KIO,4 ROOM,93,New Generation,454074
ANG MO KIO,4 ROOM,92,New Generation,441380
ANG MO KIO,5 ROOM,119,Improved,598563
ANG MO KIO,4 ROOM,90,Model A,484254
ANG MO KIO,3 ROOM,67,New Generation,319599
ANG MO KIO,2 ROOM,44,Improved,142059
ANG MO KIO,4 ROOM,98,New Generation,501378
ANG MO KIO,3 ROOM,67,New Generation,321363
ANG MO KIO,3 ROOM,75,New Generation,381748
ANG MO KIO,5 ROOM,121,Improved,605871
ANG MO KIO,3 ROOM,68,New Generation,310126
ANG MO KIO,4 ROOM,92,New Generation,458147
ANG MO KIO,4 ROOM,95,Model A,497857
ANG MO KIO,3 ROOM,67,New Generation,293983
ANG MO KIO,2 ROOM,44,Improved,232147
ANG MO KIO,4 ROOM,92,New Generation,538000
ANG MO KIO,3 ROOM,67,New Generation,267270
ANG MO KIO,3 ROOM,68,New Generation,294770
ANG MO KIO,4 ROOM,97,New Generation,492915
ANG MO KIO,3 ROOM,73,New Generation,339834
ANG MO KIO,3 ROOM,68,New Generation,305743
ANG MO KIO,4 ROOM,82,New Generation,297977
ANG MO KIO,3 ROOM,82,New Generation,312508
ANG MO KIO,4 ROOM,91,New Generation,469726
ANG MO KIO,3 ROOM,68,New Generation,315962
ANG MO KIO,4 ROOM,93,Model A,413624
ANG MO KIO,3 ROOM,67,New Generation,298609
ANG MO KIO,5 ROOM,127,Improved,688975
ANG MO KIO,3 ROOM,68,New Generation,358252
ANG MO KIO,3 ROOM,67,New Generation,308088
ANG MO KIO,3 ROOM,67,New Generation,304177
ANG MO KIO,3 ROOM,82,New Generation,400207
ANG MO KIO,4 ROOM,91,New Generation,414400
ANG MO KIO,3 ROOM,68,New Generation,331735
ANG MO KIO,4 ROOM,92,New Generation,514487
ANG MO KIO,4 ROOM,91,New Generation,457975
ANG MO KIO,4 ROOM,98,New Generation,480246
ANG MO KIO,4 ROOM,90,Model A,371700
ANG MO KIO,5 ROOM,123,Standard,622496
ANG MO KIO,3 ROOM,67,New Generation,284903
ANG MO KIO,4 ROOM,90,Model A,487835
ANG MO KIO,3 ROOM,68,New Generation,335247
ANG MO KIO,3 ROOM,68,New Generation,311320
ANG MO KIO,4 ROOM,93,New Generation,434716
ANG MO KIO,4 ROOM,92,New Generation,430012
ANG MO KIO,3 ROOM,67,New Generation,293138
ANG MO KIO,5 ROOM,119,Improved,658661
ANG MO KIO,3 ROOM,68,New Generation,357875
ANG MO KIO,5 ROOM,119,Improved,635076
ANG MO KIO,5 ROOM,123,Improved,657826
ANG MO KIO,3 ROOM,60,Improved,315005
ANG MO KIO,3 ROOM,67,New Generation,311455
ANG MO KIO,4 ROOM,93,New Generation,452644
ANG MO KIO,3 ROOM,88,New Generation,420576
ANG MO KIO,4 ROOM,91,New Generation,465836
ANG MO KIO,4 ROOM,95,Model A,446687
ANG MO KIO,3 ROOM,68,New Generation,272998
ANG MO KIO,3 ROOM,67,New Generation,298050
ANG MO KIO,3 ROOM,67,New Generation,270175
ANG MO KIO,3 ROOM,73,New Generation,360643
ANG MO KIO,4 ROOM,98,New Generation,515297
ANG MO KIO,4 ROOM,98,New Generation,521162
ANG MO KIO,3 ROOM,67,New Generation,319022
ANG MO KIO,4 ROOM,92,New Generation,450590
ANG MO KIO,4 ROOM,92,New Generation,451487
ANG MO KIO,3 ROOM,68,New Generation,321361
ANG MO KIO,3 ROOM,67,New Generation,301827
ANG MO KIO,3 ROOM,68,New Generation,225702
ANG MO KIO,3 ROOM,67,New Generation,364891
ANG MO KIO,3 ROOM,67,New Generation,335278
ANG MO KIO,3 ROOM,67,New Generation,313030
ANG MO KIO,3 ROOM,82,New Generation,379599
ANG MO KIO,3 ROOM,68,New Generation,298296
ANG MO KIO,3 ROOM,60,Improved,261026
ANG MO KIO,3 ROOM,74,New Generation,383001
ANG MO KIO,3 ROOM,67,New Generation,296470
ANG MO KIO,3 ROOM,68,New Generation,307891
ANG MO KIO,4 ROOM,92,New Generation,492580
ANG MO KIO,3 ROOM,73,New Generation,358895
ANG MO KIO,4 ROOM,92,New Generation,453667
ANG MO KIO,3 ROOM,73,New Generation,348122
ANG MO KIO,3 ROOM,82,New Generation,452599
ANG MO KIO,3 ROOM,67,New Generation,279438
ANG MO KIO,4 ROOM,92,New Generation,487050
ANG MO KIO,5 ROOM,112,DBSS,581477
ANG MO KIO,4 ROOM,98,New Generation,499414
ANG MO KIO,3 ROOM,67,New Generation,328442
ANG MO KIO,4 ROOM,91,New Generation,486002
ANG MO KIO,3 ROOM,82,New Generation,382455
ANG MO KIO,3 ROOM,73,New Generation,351881
ANG MO KIO,3 ROOM,67,New Generation,293849
ANG MO KIO,3 ROOM,83,New Generation,393824
ANG MO KIO,3 ROOM,68,New Generation,355000
ANG MO KIO,3 ROOM,82,New Generation,531040
ANG MO KIO,4 ROOM,91,DBSS,480338
ANG MO KIO,3 ROOM,67,New Generation,265820
ANG MO KIO,3 ROOM,67,New Generation,287119
ANG MO KIO,3 ROOM,67,New Generation,422783
ANG MO KIO,5 ROOM,120,DBSS,657495
ANG MO KIO,3 ROOM,82,New Generation,382583
ANG MO KIO,3 ROOM,67,New Generation,265377
ANG MO KIO,3 ROOM,67,New Generation,288086
ANG MO KIO,3 ROOM,67,New Generation,275479